id,original_comment,stemmed_comment,toxicity_score,severity_level,category,is_cyberbullying
1,"kadang klo gk sengaja lihat vid ini lgi hati gua dgn lembut berkata ""Fany magang di depan pawang Fany""",kadang kalau sengaja lihat vid lagi hati dengan lembut kata fany magang depan pawang fany,0,safe,non-cyberbullying,0
2,"hostnya apa bgt anjg mihak rrq trs, toy emg selegendaris itu kah, dikasih telor mampus tuh",hostnya apa banget anjing mihak rrq terus toy memang legendaris kah kasih telor mampus tuh,9,extreme_cyberbullying,cyberbullying,1
3,"Skylar sm savero sama"" jago, diganti"" goldnya pun tetep auto win",skylar sm savero sama jago ganti goldnya tetep auto win,0,safe,non-cyberbullying,0
4,TIM ONIC GG,tim onic gg,0,safe,non-cyberbullying,0
5,😂😂😂😂😂😂😂😂😂😂😂😂😂😂😂😂,,0,safe,non-cyberbullying,0
6,Fanny zunes darat cok😂😂😂,fanny zunes cok,0,safe,non-cyberbullying,0
7,Fani nya bot masih jago gw anjirr,fani bot kasih jago anjirr,0,safe,non-cyberbullying,0
8,Rrq terlalu kuat ngubah pemain. Udah dua tahun kek gini,rrq terlalu kuat ngubah main dua tahu gin,0,safe,non-cyberbullying,0
9,Kairi di kasih lance 💀,kairi kasih lance,0,safe,non-cyberbullying,0
10,Rinz Rinz jago kagak gendong kagak bacot nya gede banget sampah sampah,rinz rinz jago kagak gendong kagak bacot gede banget sampai,2,minor_negative,non-cyberbullying,0
11,😮😮😮😮😮😮😮😮,,0,safe,non-cyberbullying,0
12,bagusan set up navi daripada ppq😂,bagus set up navi ppq,0,safe,non-cyberbullying,0
13,RRQ tanpa Skylar bisa apa,rrq skylar apa,0,safe,non-cyberbullying,0
14,19:01 mahal lutpi,mahal lutpi,0,safe,non-cyberbullying,0
15,13:06ngapain yam😂,ngapain,0,safe,non-cyberbullying,0
16,Fanny ngepusss njirrrr,fanny ngepusss njirrrr,0,safe,non-cyberbullying,0
17,"""Sakaratul maut gak tuh "" 😂😅",sakaratul maut tuh,0,safe,non-cyberbullying,0
18,Ganti rins ny,rins ny,0,safe,non-cyberbullying,0
19,Cw jadi coach jir,cw jadi coach jir,0,safe,non-cyberbullying,0
20,Dream team vs ????? Kapan pegang piala mpl lagi,dream team vs kapan pegang piala mpl,0,safe,non-cyberbullying,0
21,El blunder rinz,el blunder rinz,0,safe,non-cyberbullying,0
22,Game boring lebih menantang NAVI VS ONIC 😂,game boring lebih tantang navi vs onic,0,safe,non-cyberbullying,0
23,#blockrinz,,0,safe,non-cyberbullying,0
24,"Gak usah komen lah cil ujung""nya Manas""in lawan atau pun mendewa""kan tim sendiri.. diliat bocil banget sifat elu..",usah komen lah cil ujung manasin lawan pun dewa tim sendiri liat bocil banget sifat kamu,0,safe,non-cyberbullying,0
25,"Gua aja kingdom liat kagak panas kagak jelek""in tim, liat kopi+rokok+nyantai itulah sifatt dewasa.. kalah menang respack semua tim gua. Oke...",saja kingdom liat kagak panas kagak jelekin tim liat kopirokoknyantai sifatt dewasa kalau memang respack semua tim oke,0,safe,non-cyberbullying,0
26,"JANGAN BISA BACOTT DAN JELEK""IN TIM.. KALO BISANYA BEGITU MAIN AJA SANA SENDIRI EMANG BISA ELU ???",jangan bacott jelekin tim kalau bisa main sana sendiri memang kamu,0,safe,non-cyberbullying,0
27,Awokwok badut tolol,awokwok badut tolol,4,moderate_toxic,cyberbullying,1
28,Toy maen aman aja akwkwkwk,toy maen aman akwkwkwk,0,safe,non-cyberbullying,0
29,Rrq tanpa skylar ga ada yg gendong yg jago cuma lerr,rrq skylar ada gendong jago cuma lerr,0,safe,non-cyberbullying,0
30,"pharsa mainnya pasif selalu mati di base, fanny cuma bisa split push",pharsa main pasif selalu mati base fanny cuma split push,5,moderate_toxic,cyberbullying,1
31,7:01 si kumar unjuk skill depan Midlane jago 🤘😜🤙,si mar skill depan midlane jago,0,safe,non-cyberbullying,0
32,"Meski gua bukan kingdom tapi gua suka legenda RRQ Housi ""Lemon"" siganteng kalem ..",meski bukan kingdom saya suka legenda rrq housi lemon siganteng kalem,0,safe,non-cyberbullying,0
33,Knp g ad pnontonn,knp g ad pnontonn,0,safe,non-cyberbullying,0
34,Itu jijik kli gw lihat cara main Fanny nya,jijik kli lihat cara main fanny,0,safe,non-cyberbullying,0
35,Good,good,0,safe,non-cyberbullying,0
36,lah si zunesh kenapa beli 2item itu lol,lah si zunesh beli item lol,0,safe,non-cyberbullying,0
37,Fany cmn 2 kabel a0aan coba,fany cuma kabel aaan coba,0,safe,non-cyberbullying,0
38,"Gua udah pernah komen diig RRQ langsung buatt mainin sujin aja krn zunesh masih perlu banyak belajar masih anak2 ini,,,,jgn smpe MPL zunesh main siih",sudah pernah komen diig rrq langsung buatt mainin sujin karena zunesh kasih perlu banyak ajar kasih anak inijgn smpe mpl zunesh main siih,0,safe,non-cyberbullying,0
39,"mid nya mesti ganti sih RRQ, nggak guna jir",mid mesti sih rrq guna jir,0,safe,non-cyberbullying,0
40,Ererkyu cangkang doang 😂,ererkyu cangkang orang,0,safe,non-cyberbullying,0
41,Lutpi man of the match sejati di game ini ...,lutpi man of the match sejati game,0,safe,non-cyberbullying,0
42,Kemarin kemarin mana nih yg banding banding in skylar sama toyy?😅,kemarin kemarin mana nih banding banding in skylar sama toyy,0,safe,non-cyberbullying,0
43,Onic vs ranked evic ini mh 🤣,onic vs ranked evic mh,0,safe,non-cyberbullying,0
44,lutphi matang,lutphi matang,0,safe,non-cyberbullying,0
45,Izrail Xinn 😢,izrail xinn,0,safe,non-cyberbullying,0
46,"Lagi"" Kalah draft si kata gua mah",kalau draft si kata mah,0,safe,non-cyberbullying,0
47,Lupi seperti nampol nyamuk 😂,lupi nampol nyamuk,0,safe,non-cyberbullying,0
48,"1 yang pasti, yang buat onic tak terkalahkan adalah sanz, kairi, kiboy 🤗",pasti buat onic tak kalah sanz kairi kiboy,0,safe,non-cyberbullying,0
49,Kok yang mvp lutpi harusnya kairi dong gold nya lebih banyak,kok mvp lutpi harus kairi dong gold lebih banyak,0,safe,non-cyberbullying,0
50,"4 ngincer Skylar
1orang pengen nge solo kill sanz",ngincer skylar orang ken nge solo kill sanz,0,safe,non-cyberbullying,0
51,"Jadi ga seru game nya rrg vs onic karna ga ada greget nya dari RRQ jadi ga semangat lagi main mlbb, jadi seperti ga ada penyemangat main lagi RRQ nya lemah gini😂, kayak nya pensiun di season ini deh saya main ML 😂🏆⚰️🪦",jadi seru game rrg vs onic greget dari rrq jadi tidak semangat main mlbb jadi tidak semangat main rrq lemah gin ya pensiun season deh main ml,0,safe,non-cyberbullying,0
52,Maaf gue fans skylar,maaf fans skylar,0,safe,non-cyberbullying,0
53,"Dulu suka rrq karna ada skylar, sekarang suka onic karna ada skylar 👍",dulu suka rrq ada skylar sekarang suka onic ada skylar,0,safe,non-cyberbullying,0
54,Itu yss lepas,yss lepas,0,safe,non-cyberbullying,0
55,raja halu lagi unjuk gigi tpi g punya gigi,raja halu untuk gigi g punya gigi,0,safe,non-cyberbullying,0
56,Match ini kok toy kya maen brawl ya di atas mulu.. Idiot bngt,match kok toy maen brawl di atas mulu idiot banget,4,moderate_toxic,cyberbullying,1
57,"Mulai dari era ny vyn, rrq sangat membudaya dengan feeder.",mulai era ny vyn rrq sangat budaya feeder,3,moderate_toxic,non-cyberbullying,0
58,Apalah pick uranus bego bgt,apa pick uranus bego banget,4,moderate_toxic,cyberbullying,1
59,hidup onic❤🎉,hidup onic,0,safe,non-cyberbullying,0
60,anjim Rinz mati dalam basenya sendiri 😂,anjing rinz mati basenya sendiri,9,extreme_cyberbullying,cyberbullying,1
61,"Balikin team RRQ yg dlu, Sutsujin, Toy, Dyren, Rinz, dan Idok, gk usah di ganti yg lain",balikin team rrq dlu sutsujin toy dyren rinz idok usah nanti lain,0,safe,non-cyberbullying,0
62,Buang aja si rinz beban😊,buang si rinz beban,0,safe,non-cyberbullying,0
63,Vix onic win 19:25,vix onic win,0,safe,non-cyberbullying,0
64,Di recal recal Ama sanz,recal recal sama sanz,0,safe,non-cyberbullying,0
65,Rrq=hama,rrqhama,0,safe,non-cyberbullying,0
66,Pesona tim gk jago,pesona tim jago,0,safe,non-cyberbullying,0
67,Rasakan kekejaman mantan,rasa kejam mantan,0,safe,non-cyberbullying,0
68,17:18  itu midlane jago ngapain diem doang,midlane jago ngapain diem orang,0,safe,non-cyberbullying,0
69,Sorry kok gak di stage main nya?,sorry kok di stage main,0,safe,non-cyberbullying,0
70,Zunesh ngapain 😂,zunesh ngapain,0,safe,non-cyberbullying,0
71,Gak kebayang di onic ad idok,bayang onic ad idok,0,safe,non-cyberbullying,0
72,rrrq badut yang ga terima tuolol,rrrq badut tidak terima tuolol,0,safe,non-cyberbullying,0
73,Rinz amatir bngt,rinz amatir banget,0,safe,non-cyberbullying,0
74,paste4d gila paling mantap pokok nya,pasted gila paling mantap pokok,0,safe,non-cyberbullying,0
75,Ga ngeliat nilai plus zunesh gw mending sutsujin,ngeliat nilai plus zunesh mending sutsujin,0,safe,non-cyberbullying,0
76,"roster terbapuk, kecewa roster seblumnya udh ada improv malah digantj",roster terbapuk kecewa roster seblumnya ada improv malah digantj,0,safe,non-cyberbullying,0
77,gg kairi dan lutpii,gg kairi lutpii,0,safe,non-cyberbullying,0
78,Wkwkwk Ererqe 😂,wkwkwk ererqe,0,safe,non-cyberbullying,0
79,Lutpi Bankai💀,lutpi bankai,0,safe,non-cyberbullying,0
80,Akhirnya bisa membungkam mulut2 fans ppq 😅😅😅 banyangkan lw kalah syalar bakalan di buly habis2san,akhir bungkam mulut fans ppq banyangkan lw kalau syalar bakal buly habissan,0,safe,non-cyberbullying,0
81,Bahagia itu PHILIPINA,bahagia philipina,0,safe,non-cyberbullying,0
82,"Yg cacat MID nya yg di rombak JUGLER nya 😂😂😂

Turot pharsa nyeeet!!!
RINZ OUT",cacat mid yang rombak jugler turot pharsa nyeeet rinz out,4,moderate_toxic,cyberbullying,1
83,Kenapa ujin gak di turunkan shi,ujin di turun shi,0,safe,non-cyberbullying,0
84,Beda kelas,beda kelas,0,safe,non-cyberbullying,0
85,"Gmn g kuat, orang mage nya sans, jung nya kairi, mm nya skylar",bagaimana g kuat orang mage sans jung kairi mm skylar,0,safe,non-cyberbullying,0
86,the real Fanny dongeng (songo cengeng),the real fanny dongeng songo cengeng,0,safe,non-cyberbullying,0
87,Makasi onic skaylarnya di mainin trus moga menang,makas onic skaylarnya mainin terus moga memang,0,safe,non-cyberbullying,0
88,Game idiot from moonton,game idiot from moonton,4,moderate_toxic,cyberbullying,1
89,toy ayam di hadapan skylarr,toy ayam hadap skylarr,0,safe,non-cyberbullying,0
90,Jugler rrq masih magang .. mending sutsujun,jugler rrq kasih magang mending sutsujun,0,safe,non-cyberbullying,0
91,Riiiiiiiiinzzzzz😂😂😂,riiiiiiiiinzzzzz,0,safe,non-cyberbullying,0
92,Rrq bot banget,rrq bot banget,0,safe,non-cyberbullying,0
93,RRQ butuh hpr yg jago bukn kyk gini,rrq butuh hpr jago bukan kyk gin,0,safe,non-cyberbullying,0
94,Bubar bubar😂 ppq,bubar bubar ppq,0,safe,non-cyberbullying,0
95,"SKYLAR PENGKHIANAT RRQ ,Liat Muka nya aja Menjijikan 😂😂",skylar khianat rrq liat muka saja jijik,0,safe,non-cyberbullying,0
96,kok itu gk di stage ya mainnya?,kok tidak stage main,0,safe,non-cyberbullying,0
97,"Jungler baru lebih gajelas coii ,",jungler baru lebih gajelas coii,0,safe,non-cyberbullying,0
98,Rins ya poke,rins poke,0,safe,non-cyberbullying,0
99,"RRQ - Main Rank
Onic - Pro International

Gak tau mau komen apalg???
Emang beda kelas sekrang 😅, bumi dan langit",rrq main rank onic pro international tahu mau komen apalg memang beda kelas sekarang bumi langit,0,safe,non-cyberbullying,0
100,Lutpi nyapu SAMPAH,lutpi nyapu,0,safe,non-cyberbullying,0
101,Suren wee RRQ qontol,suren wee rrq kontol,5,moderate_toxic,cyberbullying,1
102,Onic gg banget uyyy 😎😎😎,onic gg banget uyyy,0,safe,non-cyberbullying,0
103,Lokal,lokal,0,safe,non-cyberbullying,0
104,9:16,,0,safe,non-cyberbullying,0
105,PPQ mode karantina 3 kata lucu😜👆,ppq mode karantina kata lucu,0,safe,non-cyberbullying,0
106,Rins seperti palyer epik asal buka ulti di tengah rumput tanpa pikir panjang badut,rins palyer epik asal bukan ulti tengah rumput pikir panjang badut,0,safe,non-cyberbullying,0
107,Rins seperti palyer epik asal buka ulti di tengah rumput tanpa pikir panjang badut,rins palyer epik asal bukan ulti tengah rumput pikir panjang badut,0,safe,non-cyberbullying,0
108,Zunesh siapa anjr?,zunesh siapa anjr,0,safe,non-cyberbullying,0
109,Ini RRQ LU SEKARANG PAK AP,rrq kamu sekarang pak ap,0,safe,non-cyberbullying,0
110,Haha rinz rinz mati di tower 😂😂😂😂,haha rinz rinz mati tower,5,moderate_toxic,cyberbullying,1
111,RRQ pokeee,rrq pokeee,0,safe,non-cyberbullying,0
112,Si pengkhianat,si khianat,0,safe,non-cyberbullying,0
113,abang lutpii🥶🥶,abang lutpii,0,safe,non-cyberbullying,0
114,Early nya si sama2 kuat ya,early si sama kuat,0,safe,non-cyberbullying,0
115,"kenapa sekarang jadinya ga di stage ya mainnya? sorry, baru nonton mpl lagi🙏🏻",sekarang jadi di stage main sorry baru nonton mpl,0,safe,non-cyberbullying,0
116,dua kata lucu king toyy,kata lucu king toyy,0,safe,non-cyberbullying,0
117,katanya onic ga jago kok 2 0,kata onic jago kok,0,safe,non-cyberbullying,0
118,Main Fasha nyari KDA baguss😂,main fasha nyari kda baguss,0,safe,non-cyberbullying,0
119,"Gua kigdom tapi sllu respet buat skylar dan di membuktikan klo tidak di pilih di roster rrq akhiranya dinobok rrq,, 
Coach k4ncut sedang memasak 😂",kigdom sllu respet buat skylar bukti kalau di pilih di roster rrq akhiranya dinobok rrq coach kncut sedang masak,0,safe,non-cyberbullying,0
120,"Early exp gendong,mid ke late gold yg ganti gendong
Mantaplah",early exp gendongmid late gold nanti gendong mantap,0,safe,non-cyberbullying,0
121,jung rrq fokus minions aja,jung rrq fokus minions,0,safe,non-cyberbullying,0
122,gokil lutpii,gokil lutpii,0,safe,non-cyberbullying,0
123,bisa ni M7,ni m,0,safe,non-cyberbullying,0
124,"Toy gold udh ckup pdhl, tapi takut kalo join war😢",toy gold ckup pdhl takut kalau join war,0,safe,non-cyberbullying,0
125,lutpii keren banget 🔥,lutpii keren banget,0,safe,non-cyberbullying,0
126,pepeqy hoshi bot,pepeqy hoshi bot,0,safe,non-cyberbullying,0
127,"ABOY PAK AP😂
RINZ BOT",aboy pak ap rinz bot,0,safe,non-cyberbullying,0
128,Savero😢😢,savero,0,safe,non-cyberbullying,0
129,Kok gak di MPL Arena pertandingan nya?,kok di mpl tanding,0,safe,non-cyberbullying,0
130,Hai kalian para karbit. Silakan liat. Kecwa kan skylar gk mati xixixixix,hai kalian karbit sila liat kecwa skylar mati xixixixix,5,moderate_toxic,cyberbullying,1
131,RRQ POOKEE,rrq pookee,0,safe,non-cyberbullying,0
132,Hahahah badut badut 😂😂😂,hahahah badut badut,0,safe,non-cyberbullying,0
133,"""RINZ DONGOOOOO""
udah gitu aja pokonya",rinz dongooooo gitu poko,0,safe,non-cyberbullying,0
134,Arlott menggila,arlott gila,0,safe,non-cyberbullying,0
135,Toys=Mainannya king Skylark yakkk🤭🤭🤭,toysmainannya king skylark yakkk,0,safe,non-cyberbullying,0
136,lutpi jago bngt gila,lutpi jago banget gila,0,safe,non-cyberbullying,0
137,Ngak usah dilanjut lah mpl nya langsung aja kirim ke gh onic pialanya,ngak usah lanjut lah mpl langsung kirim gh onic piala,0,safe,non-cyberbullying,0
138,indog tanpa PH hanya abang abang gorengan yang fomo maen ML,indog ph abang abang goreng fomo maen ml,0,safe,non-cyberbullying,0
139,"""Apaitu Sanz? Ini Rinz yak!"" 🤡🤡🤡🤡🤡",apaitu sanz rinz,0,safe,non-cyberbullying,0
140,"Ksi paham bang lerrrr , smangat teruss jagoanku",ksi paham bang lerrrr smangat terus jago,0,safe,non-cyberbullying,0
141,Zunesh mntang² first blood dia lngsung pd bgt pdhl itu pasti udh bakal kebaca sma onic,zunesh mntang first blood lngsung pd banget pdhl pasti bakal baca sama onic,0,safe,non-cyberbullying,0
142,LANGSUNG AJA KASIH PIALANYA KE ONIC 🥶😂,langsung kasih piala onic,0,safe,non-cyberbullying,0
143,fanny impure jir🗿,fanny impure jir,0,safe,non-cyberbullying,0
144,"Jadi malu yang bilang, toy mau sekolahin skylar😂😂😂",jadi malu bilang toy mau sekolahin skylar,0,safe,non-cyberbullying,0
145,Udhla mending RRQ cari lawan yg lain'jgn lawan Onic percuma endingnya tetap klh jga😂,udhla mending rrq cari lawan lainjgn lawan onic percuma endingnya tetap klh,0,safe,non-cyberbullying,0
146,EL leader mati dibase lho yah😂😂😂,el leader mati dibase lho,5,moderate_toxic,cyberbullying,1
147,Match yang ga ngebosenim buat di rewatch 😆😆,match tidak ngebosenim buat rewatch,0,safe,non-cyberbullying,0
148,Tumben toyy gak pake granger,tumben toyy pakai granger,0,safe,non-cyberbullying,0
149,Kami adalah penyokong dari Malaysia...,adalah sokong malaysia,0,safe,non-cyberbullying,0
150,"ONIC ID + SKYLER = CALON KUAT JUARA M7! 🔥

Aku nampak potensi besar ONIC ID di M7 kali ni. Masuknya Skylar dalam roster jadi turning point. Kenapa?

1️⃣ Pengalaman & Reputasi
Skylar bukan player biasa – dia bekas anak murid Arcadia (coach SRG OG). Dari dulu kita tau Arcadia pandai gilap gold laner, dan Skylar antara hasil terbaik.

2️⃣ Rekod Antarabangsa
Skylar pernah catat 16 kill di pentas internasional sebagai gold laner – ranking kedua tertinggi dunia. Yang pertama pegang rekod tu Innocent dari team SRG OG. Ini bukti Skylar bukan sekadar “nama besar”, tapi memang ada bukti prestasi.

3️⃣ Roster ONIC Dah Lengkap
Dari semua sudut laner, ONIC ID sekarang hampir sempurna – roamer solid, mid stabil, jungler konsisten, exp kuat, dan kini gold lane ada Skylar. Balance semua line.

4️⃣ Kunci Kemenangan = Mental & Disiplin
Skill mereka dah world class, tinggal mentaliti & disiplin yang perlu dikunci rapat. Kalau ONIC ID main dengan penuh keyakinan, jaga disiplin dan komunikasi, peluang jadi Juara M7 memang besar.

👉 Jadi, jangan ragu – ONIC ID dengan Skylar memang ada DNA juara! 🇮🇩🏆🔥",onic id skyler calon kuat juara m aku nampak potensi benar onic id m kali ni masuk skylar roster jadi turning point alam reputasi skylar bukan player dia bekas anak murid arcadia coach srg og dulu tahu arcadia pandai gilap gold laner skylar hasil baik rekod antarabangsa skylar pernah catat kill pentas internasional gold laner ranking dua tinggi dunia pertama pegang rekod tu innocent team srg og bukti skylar bukan sekadar nama benar memang bukti prestasi roster onic lengkap semua sudut laner onic id sekarang hampir sempurna roamer solid mid stabil jungler konsisten exp kuat kini gold lane skylar balance semua line kunci menang mental disiplin skill sudah world class tinggal mentaliti disiplin perlu kunci kalau onic id main penuh yakin jaga disiplin komunikasi peluang jadi juara m memang benar jadi jangan ragu onic id skylar memang dna juara,0,safe,non-cyberbullying,0
151,Rinz Out ntah apa aja midlane nya kacau kali,rinz out ntah apa midlane kalau kali,0,safe,non-cyberbullying,0
152,"Udh Fiks ini sh, Onic juara MPL lgi, dan udh fiks Onic mental Pgen Juara D M series keliatan, inget kan apa kata Luke sma Aeron, pas Onic Maen, ini Onic kuat banget loh, udh Kya Kelra sma Kingkong",fiks sh onic juara mpl dan fiks onic mental pgen juara d m series liat inget apa kata luke sama aeron pas onic maen onic kuat banget loh ya kelra sama kingkong,0,safe,non-cyberbullying,0
153,Utamakan Sanz klo war mau menang lawan onic,utama sanz kalau war mau memang lawan onic,0,safe,non-cyberbullying,0
154,King sanz and Prince Skylark mengoreng RRQ😅,king sanz and prince skylark oreng rrq,0,safe,non-cyberbullying,0
155,RRQ TERLUNGKUP 😅😅,rrq terlungkup,0,safe,non-cyberbullying,0
156,Savero mana?,savero mana,0,safe,non-cyberbullying,0
157,LUTPIII JAGO BGT COKKK,lutpiii jago banget cokkk,0,safe,non-cyberbullying,0
158,Lutpiiii makin waah aja❤,lutpiiii makin waah,0,safe,non-cyberbullying,0
159,"dulu astaga lutpi😩
sekarang astaga lutpi😱",dulu astaga lutpi sekarang astaga lutpi,0,safe,non-cyberbullying,0
160,Zhuxin di pick baloy kata lim kocak,zhuxin pick baloy kata lim kocak,0,safe,non-cyberbullying,0
161,Fany cacat sosoan gembel,fany cacat sosoan gembel,4,moderate_toxic,cyberbullying,1
162,"5 kata lucu 
Toyy lebih jago daripada skylar😂😂😂",kata lucu toyy lebih jago skylar,0,safe,non-cyberbullying,0
163,Casternya berat sebelah jirr...,casternya berat belah jirr,0,safe,non-cyberbullying,0
164,"Udah lah, onic gak jago kata mid line yyq",lah onic jago kata mid line yyq,0,safe,non-cyberbullying,0
165,rrq -1 mage,rrq mage,0,safe,non-cyberbullying,0
166,Udah di bilang juga badut tetap aja🤡🤡,di bilang badut tetap,0,safe,non-cyberbullying,0
167,di game 1 ini sumpah liat pharsa nya w sebagai public juga ngakak posisi apaan dah ini pro player masa gini 🗿😂,game sumpah liat pharsa w public ngakak posisi apa ini pro player masa gin,0,safe,non-cyberbullying,0
168,Karena skylar ke Onic ya udah gua dukung Onic,skylar onic sudah dukung onic,0,safe,non-cyberbullying,0
169,"Gua udah bilang ribuan x Toy ini mm ampas, liat aja positioningnya kocak",sudah bilang ribu x toy mm ampas liat positioningnya kocak,4,moderate_toxic,cyberbullying,1
170,Onic vs partyan warkop 🗿🗿,onic vs partyan warkop,0,safe,non-cyberbullying,0
171,CASTER TOLONG NETRAL DONG .,caster netral dong,0,safe,non-cyberbullying,0
172,arlottnya jago,arlottnya jago,0,safe,non-cyberbullying,0
173,Cemilan onic😂,cemilan onic,0,safe,non-cyberbullying,0
174,Aga ngaakak liat item natan,aga ngaakak liat item natan,0,safe,non-cyberbullying,0
175,"""dominasi onic emang sangat total bgt"" 

trs tiba² bahas ""satu satunya cara menang lawan zunesh"". eh kocak dah ni caster satu",dominasi onic memang sangat total banget terus tiba bahas satu satu cara memang lawan zunesh eh kocak ni caster satu,0,safe,non-cyberbullying,0
176,yang bisa ngalahin onic cuman evos,bisa ngalahin onic cuma evos,0,safe,non-cyberbullying,0
177,kok msh ada ya yg blg dyren lebih jago drpd lutpi 😂,kok msh ya blg dyren lebih jago drpd lutpi,0,safe,non-cyberbullying,0
178,itu Rinzz cuman bisa banyak gaya doang kah?😂😂,rinzz cuma banyak gaya orang,0,safe,non-cyberbullying,0
179,pasep mau di tutor parsah smaa midlane jago hhh,pasep mau tutor parsah smaa midlane jago hhh,0,safe,non-cyberbullying,0
180,raja lokal vs raja lokal sebenernya,raja lokal vs raja lokal sebenernya,0,safe,non-cyberbullying,0
181,W LUPTI 🥶,w lupti,0,safe,non-cyberbullying,0
182,Makan tuh skylar,tuh skylar,0,safe,non-cyberbullying,0
183,gelo arlot lutpi,gelo arlot lutpi,0,safe,non-cyberbullying,0
184,caster masih condong mulu dah,caster kasih condong mulu,0,safe,non-cyberbullying,0
185,untung  baxia kumar diban,untung baxia mar ban,0,safe,non-cyberbullying,0
186,Ini ni yg katanya Toy lebih jago dari Skylar yaa😂,ni kata toy lebih jago skylar,0,safe,non-cyberbullying,0
187,"Tim yg fansnya epic sampai honor karena lebih penting gimik dibanding skill = RRQ

Tim yg fansnya Glory sampai Imortal karena lebih penting skill dibanding gimik = ONIC",tim fansnya epic honor lebih penting gimik banding skill rrq tim fansnya glory imortal lebih penting skill banding gimik onic,0,safe,non-cyberbullying,0
188,Itu ko nga di panggung mainnya,ko nga panggung main,0,safe,non-cyberbullying,0
189,Fanny indo cuma dongeng ya coach kezcute,fanny indo cuma dongeng coach kezcute,0,safe,non-cyberbullying,0
190,Kalau bisa serang aja di ige nya rinz biar tau dia,kalau serang di ige rinz biar tahu,0,safe,non-cyberbullying,0
191,Liat lah onic semakin keras dan tidak ada 1 tim yang  bisa menumbangkan onic,liat lah onic makin keras tidak tim bisa tumbang onic,0,safe,non-cyberbullying,0
192,udah beda jersi lek,beda jersi lek,0,safe,non-cyberbullying,0
193,"Semoga skylar cepet beradaptasi di onic, biar makin enak dan ngga terlalu beban",moga skylar cepet adaptasi onic biar makin enak ngga terlalu beban,0,safe,non-cyberbullying,0
194,ppq,ppq,0,safe,non-cyberbullying,0
195,dyren main sediri,dyren main diri,0,safe,non-cyberbullying,0
196,Orang2 tolol bisa2nya Sanz dibandingin ama rinzz ngakak,orang tolol bisa sanz dibandingin sama rinzz ngakak,4,moderate_toxic,cyberbullying,1
197,😝😝😛🤘🤘,,0,safe,non-cyberbullying,0
198,LIM CASTER POKE,lim caster poke,0,safe,non-cyberbullying,0
199,"“Bukan musuh yg jago, tapi kita yg terlalu tolol”😢",bukan musuh jago kita terlalu tolol,4,moderate_toxic,cyberbullying,1
200,gelo lutpi arcelot,gelo lutpi arcelot,0,safe,non-cyberbullying,0
201,Pharsa pharsa poke bener mati dalem base😂😂,pharsa pharsa poke benar mati dalem base,5,moderate_toxic,cyberbullying,1
202,Fix Zunesh beban tim lol,fix zunesh beban tim lol,0,safe,non-cyberbullying,0
203,Diobok obok sama mas mantan wkwkwk,diobok goblok sama mas mantan wkwkwk,4,moderate_toxic,cyberbullying,1
204,Ngeri lance Kairi😮😮,ngeri lance kairi,0,safe,non-cyberbullying,0
205,fani lawakk😂😂,fani lawakk,0,safe,non-cyberbullying,0
206,Lutfi+ arlot gk ngotak,lutfi arlot ngotak,0,safe,non-cyberbullying,0
207,Lutpi,lutpi,0,safe,non-cyberbullying,0
208,kalah bukan karena musuh nya jago😂,kalau bukan musuh jago,0,safe,non-cyberbullying,0
209,Gila sih Lutfi keren cuyy,gila sih lutfi keren cuyy,0,safe,non-cyberbullying,0
210,Lutpy,lutpy,0,safe,non-cyberbullying,0
211,"berhenti jdi kingdom , berenti nonton rrq",henti jadi kingdom renti nonton rrq,0,safe,non-cyberbullying,0
212,9:19 Pharsa ngapain woy😂,pharsa ngapain woy,0,safe,non-cyberbullying,0
213,Lutpii gelo,lutpii gelo,0,safe,non-cyberbullying,0
214,Wkwkwk kingdom bermuka dua,wkwkwk kingdom muka,0,safe,non-cyberbullying,0
215,Akhirnya skylar vs toy,akhir skylar vs toy,0,safe,non-cyberbullying,0
216,"Disini 9:18 rins harusnya tau kalau ada Sanz yg dari mid karna kelihatan dari visionnya Idok klau sanz ke arah ambush bawah bukan ke idok. Tapi dia malah maju, untuk kehadiran kairi oke lah dia ngga espek tpi harusnya dia tau kalau ada sanz yg ke situ berarti ada backup utk lutpi 😂 gw bukan fans ppq cuman liat rins main bikin ketawa aja... Pantes di tiap week yg gendong si idok😂",sini rins harus tahu kalau sanz mid lihat dari visionnya idok kalau sanz arah ambush bawah bukan idok malah maju hadir kairi oke lah ngga espek harus dia tahu kalau sanz ke situ arti backup lutpi bukan fans ppq cuma liat rins main bikin ketawa pantes tiap week gendong si idok,0,safe,non-cyberbullying,0
217,pak ap pulangkan skylar kamiii,pak ap pulang skylar kamiii,0,safe,non-cyberbullying,0
218,lupy exp line terbaik mpl sejauh jni,lupy exp line baik mpl jauh jni,0,safe,non-cyberbullying,0
219,RRQ MAIN LUDO AJA GA COCOK MAIN ML WKWKW,rrq main ludo tidak cocok main ml wkwkw,0,safe,non-cyberbullying,0
220,Harusnya rrq exp nya minsi,harus rrq exp minsi,0,safe,non-cyberbullying,0
221,Lawannya adik adik,lawan adik adik,0,safe,non-cyberbullying,0
222,"Idok kok main tanknya kek ragu ragu bngt, kasian expnya yg udah open",idok kok main tank ragu ragu banget kasi expnya sudah open,0,safe,non-cyberbullying,0
223,"Raja dari segala raja , Ehh raja Habis jabatan",raja segala raja ehh raja habis jabat,0,safe,non-cyberbullying,0
224,ayam😂,ayam,0,safe,non-cyberbullying,0
225,Cuma tuturu yang bisa ngimbangi Skylar,cuma tuturu bisa ngimbangi skylar,0,safe,non-cyberbullying,0
226,Cukup nonton 1 game.. kalo yg menang ONIC ya jelas next game 2.0 wkwkw,cukup nonton game kalau memang onic jelas next game wkwkw,0,safe,non-cyberbullying,0
227,onic vs bocil2 rnked,onic vs bocil rnked,0,safe,non-cyberbullying,0
228,Penerus buts emang gak ada lawan🤫,terus buts memang ada lawan,0,safe,non-cyberbullying,0
229,Mana spicy boy mana miracle boy this is kiboy,mana spicy boy mana miracle boy this is kiboy,0,safe,non-cyberbullying,0
230,Kasih aja pialanya ke onic😂,kasih piala onic,0,safe,non-cyberbullying,0
231,Rinz si paling jago,rinz si paling jago,0,safe,non-cyberbullying,0
232,Derbi? Kocak ppq,derbi kocak ppq,0,safe,non-cyberbullying,0
233,Lupa diedit jir,lupa edit jir,0,safe,non-cyberbullying,0
234,rrq ngemainin jungle publik😂,rrq ngemainin jungle publik,0,safe,non-cyberbullying,0
235,"yaela casternya memihak banget. yg lgi unggul siapa, yg diomongin siapa wkwkwkk",yaela casternya pihak banget lagi unggul siapa diomongin siapa wkwkwkk,0,safe,non-cyberbullying,0
236,"Udah jangan main raja2an, org kalah terus main raja2an",jangan main raja orang kalau terus main raja,0,safe,non-cyberbullying,0
237,Gak guna sekali uranus sma grok knp dipake,guna sekali uranus sama grok knp dipake,0,safe,non-cyberbullying,0
238,Ini yg di tunggu²,yang tunggu,0,safe,non-cyberbullying,0
239,"Ketika mantan tulang punggung rrq membuktikan kualitasnya kepada tulang ayam rrq 😂😂 ..
Recall² Ter gg dari sanz d dlm high ground rrq ❤❤",mantan tulang punggung rrq bukti kualitas tulang ayam rrq recall ter gg sanz d dlm high ground rrq,0,safe,non-cyberbullying,0
240,Kok g main di stage kenapa ya?,kok g main stage ya,0,safe,non-cyberbullying,0
241,"Baru Naik mythic ,langsung nonton ini ,Senang rasanya😊😀💪",baru naik mythic langsung nonton senang rasa,0,safe,non-cyberbullying,0
242,Cukup tau skylark kece gitu gak heboh ke skylark miminnya,cukup tahu skylark kece gitu heboh skylark miminnya,0,safe,non-cyberbullying,0
243,9:20 POSISI APAANTUH EL F UPSSSS,posisi apaantuh el f upssss,0,safe,non-cyberbullying,0
244,casternya terlalu condong ke rrq,casternya terlalu condong rrq,0,safe,non-cyberbullying,0
245,hahahaha ppq ppq,hahahaha ppq ppq,0,safe,non-cyberbullying,0
246,Mampus ppq dongo gedein bacot doang,mampus ppq dongo gedein bacot orang,7,severe_toxic,cyberbullying,1
247,siapakah tulang punggung rrq sekarang ? wkwkw,siapa tulang punggung rrq sekarang wkwkw,0,safe,non-cyberbullying,0
248,Lutpi sama idok fliker tembok,lutpi sama idok fliker tembok,0,safe,non-cyberbullying,0
249,Raja badut vs raja sungguhan 😂😂,raja badut vs raja sungguh,0,safe,non-cyberbullying,0
250,"Bola ada CR7
MPL ada SKYLAR 
Dulu dukung RRQ sekarang dukung ONIC",bola cr mpl skylar dulu dukung rrq sekarang dukung onic,0,safe,non-cyberbullying,0
251,"Luthpi tidak terlalu banyak bacot.

Tapi skill di atas semua exp indo.",luthpi terlalu banyak bacot skill atas semua exp indo,2,minor_negative,non-cyberbullying,0
252,Membuang emas demi besi 😂😂😂😂😂 RRQ menangiss,memang emas besi rrq menangiss,0,safe,non-cyberbullying,0
253,Gg,gg,0,safe,non-cyberbullying,0
254,Main fanny gitu doang mah temen gue juga bisa,main fanny gitu orang mah temen juga,0,safe,non-cyberbullying,0
255,Kenapa ga main di stage?,tidak main stage,0,safe,non-cyberbullying,0
256,"Kalian nyadar gak sih? Itu draft nya onic sama kaya draftnya RRQ pas Waktu RRQ
 VS TLID S14 Di Game 1",kalian nyadar sih draft onic sama kaya draftnya rrq pas waktu rrq vs tlid s game,0,safe,non-cyberbullying,0
257,BEDA KELAS BUNG.,beda kelas bung,0,safe,non-cyberbullying,0
258,Ganti mid anjirr sumpah RRQ😂,mid anjirr sumpah rrq,0,safe,non-cyberbullying,0
259,ga nyangka lutpi bisa sejago ini skarang 🫡🫡,nyangka lutpi jago sekarang,0,safe,non-cyberbullying,0
260,🫰🫰,,0,safe,non-cyberbullying,0
261,Ngapain mainin zunes,ngapain mainin zunes,0,safe,non-cyberbullying,0
262,pliss idok suruh maen titit aj kalo maen roam msh ragu wkw,pliss idok suruh maen titit kalau maen roam msh ragu wkw,0,safe,non-cyberbullying,0
263,Kasih piala nya ke ONIC Sekarang juga!!! Mpl indo terlalu mudah bagi onic,kasih piala ke onic sekarang mpl indo terlalu bagi onic,0,safe,non-cyberbullying,0
264,Sok Fany zunesh,sok fany zunesh,0,safe,non-cyberbullying,0
265,Klaz skylar,klaz skylar,0,safe,non-cyberbullying,0
266,"GUA KASIH TAU BUAT KALIAN KINGDOM
CEO KALIAN PAK AP ITU UDAH GAK FOKUS MEMBANGUN RRQ JADI TIM ESPORT BERPRESTASI LAGI
BELIAU HANYA FOKUS MARKETING DOANG SEKARANG SAMA TUH TIM",kasih tahu buat kalian kingdom ceo kalian pak ap sudah fokus bangun rrq jadi tim esport prestasi beliau fokus marketing orang sekarang sama tuh tim,0,safe,non-cyberbullying,0
267,Bang leerr,bang leerr,0,safe,non-cyberbullying,0
268,"toy cb bsa granger bjir, jangan d ksi hero lain",toy cb granger bjir jangan d ksi hero,0,safe,non-cyberbullying,0
269,Bang lerrrr,bang lerrrr,0,safe,non-cyberbullying,0
270,di game ini fannynya zunesh ngeri bgt brok🔥🔥,game fannynya zunesh ngeri banget brok,0,safe,non-cyberbullying,0
271,kingdom amaan?,kingdom ama,0,safe,non-cyberbullying,0
272,Mantap lutpi😅,mantap lutpi,0,safe,non-cyberbullying,0
273,Kenapa ujin gak di mainin ya,ujin di mainin,0,safe,non-cyberbullying,0
274,Rrq udah makin keliatan jadi badut nya haha (ketawa ngakak),rrq makin liat jadi badut haha ketawa ngakak,0,safe,non-cyberbullying,0
275,Rinz bacot doang hahaha😂,rinz bacot orang hahaha,2,minor_negative,non-cyberbullying,0
276,"""mereka ga jago, tapi kita dibantai 2-0""🗿",tidak jago kita bantai,0,safe,non-cyberbullying,0
277,Kok mainnya ga di stage?,kok main di stage,0,safe,non-cyberbullying,0
278,"Asli liat match ini RRQ bot kli, jangan di bandingin ga bs di bandingin",asli liat match rrq bot kli jangan bandingin bisa bandingin,0,safe,non-cyberbullying,0
279,Blm sebanding buat rrq kalo lawam onic,banding buat rrq kalau lawam onic,0,safe,non-cyberbullying,0
280,Yang di salahin DYREN ini 😂,di salahin dyren,0,safe,non-cyberbullying,0
281,Jangan remehkan king lutfi,jangan remeh king lutfi,0,safe,non-cyberbullying,0
282,"Mati di base spawn,mm brawl,fanny inspire😂",mati base spawnmm brawlfanny inspire,5,moderate_toxic,cyberbullying,1
283,Kaya gitu disebut raja?😂😂😂,kaya gitu sebut raja,0,safe,non-cyberbullying,0
284,Mana sutsujin Mlah zunesh,mana sutsujin mlah zunesh,0,safe,non-cyberbullying,0
285,Gg lutpi,gg lutpi,0,safe,non-cyberbullying,0
286,Lah bukannya rrq gak di bolehin makai recal yg ono yak😅😅,lah bukan rrq di bolehin pakai recal ono,0,safe,non-cyberbullying,0
287,17:17 dikira masuk rumput rinz padahal keliatan wkwk untung GK mati konyol auto dihujat 🤣,kira masuk rumput rinz padahal liat wkwk untung mati kontol auto hujat,10,extreme_cyberbullying,cyberbullying,1
288,"Setiap season pasti ganti roster 
Kapan rrq juara 
Apa cuman bahan lelucon di sosmed",season nanti roster kapan rrq juara apa cuma bahan lelucon sosmed,0,safe,non-cyberbullying,0
289,7:46 ngeri lutpi,ngeri lutpi,0,safe,non-cyberbullying,0
290,Mantap bang lerrr 😂🎉,mantap bang lerrr,0,safe,non-cyberbullying,0
291,😜👆😜👆😜👆😜👆,,0,safe,non-cyberbullying,0
292,"Bng ler d samain sama adek²(toy)bedalah antara langit dan tanah kocak²
Buat bng ler🔥",bng ler d sama adektoybedalah langit tanah kocak buat bng ler,0,safe,non-cyberbullying,0
293,Bener pake rezz,benar pakai rezz,0,safe,non-cyberbullying,0
294,"thanks buat kreatif MPL udah turutin komen gua tntg ubah tampilan room nya, gak merah putih terus. jadi beda dgn season² sebelumnya.",thanks buat kreatif mpl turutin komen tntg ubah tampil room tidak merah putih terus jadi beda season belum,0,safe,non-cyberbullying,0
295,"Yg penting cuan kata AP CEO , mang peduli piala, jadiin pemain mdl terus jadi mpl, terus jual,",penting cuan kata ap ceo mang peduli piala jadi main mdl terus jadi mpl terus jual,0,safe,non-cyberbullying,0
296,Calon Juara Dunia,calon juara dunia,0,safe,non-cyberbullying,0
297,Zunesh retry indomaret,zunesh retry indomaret,0,safe,non-cyberbullying,0
298,"Ini yg namanya game seru bukan hyper tank mulu! 
Udah hyper tank objektif tartel retri alfamart lagi wkwkwk",yang nama game seru bukan hyper tank mulu hyper tank objektif tartel retri alfamart wkwkwk,0,safe,non-cyberbullying,0
299,😂 tutor 2 match 2 kali rinz di bunuh dalam base,tutor match kali rinz bunuh base,5,moderate_toxic,cyberbullying,1
300,RRQ mkin hari mkin tolol....mata duitan...,rrq mkin hari mkin tololmata duit,0,safe,non-cyberbullying,0
301,Jual RINZ beli ABOY,jual rinz beli aboy,0,safe,non-cyberbullying,0
302,😆👆,,0,safe,non-cyberbullying,0
303,Lutpi momentumnya ngeriiii,lutpi momentum ngeriiii,0,safe,non-cyberbullying,0
304,onic awakk🎉,onic awakk,0,safe,non-cyberbullying,0
305,Yang menang onic yang di bahas selalu rrq kocak,memang onic di bahas selalu rrq kocak,0,safe,non-cyberbullying,0
306,Liat rinz 😅😅😅😅 mainya buang buang ulti sama posisi nya ngawur mulu  duta BLUNDER KAH,liat rinz mai buang buang ulti sama posisi ngawur mulu duta blunder,0,safe,non-cyberbullying,0
307,hyper RRQ yg skrng hyper indomart,hyper rrq skrng hyper indomart,0,safe,non-cyberbullying,0
308,RRQ KALAH aduhhh aduhh 😢,rrq kalau aduhhh aduhh,0,safe,non-cyberbullying,0
309,sumpah hyper RRQ jauh lebih bagus sutsujin dari pada yg sekrng mah,sumpah hyper rrq jauh lebih bagus sutsujin pada sekarang mah,0,safe,non-cyberbullying,0
310,Anjay badut MpL,anjay badut mpl,1,minor_negative,non-cyberbullying,0
311,lutpi🤩🤩🤩,lutpi,0,safe,non-cyberbullying,0
312,nice,nice,0,safe,non-cyberbullying,0
313,pharsa mati di base pasti bakalan fyp 1 bulan😂😂😂😂,pharsa mati base bakal fyp bukan,5,moderate_toxic,cyberbullying,1
314,Wkwkwkwkw mid jago mati di base,wkwkwkwkw mid jago mati base,5,moderate_toxic,cyberbullying,1
315,"Terimakasih RINZ sudah ""menunjukan"" kalo Onic Id itu ""Gak jago"",  dan Terimakasig juga untuk RINZ sudah mau di Gayang di dalam Base RRQ. 
Akhir nya tetap tidur dengan Nyenyak,  soal nya kaum Hama ngeringkuk di dalam GOA!!  😂",terima kasih rinz tunjuk kalau onic id tidak jago terima kasih untuk rinz mau yang dalam base rrq akhir tetap tidur nyenyak soal kaum hama ngeringkuk dalam goa,0,safe,non-cyberbullying,0
316,Wkwkwkwkw Rinz Mana Suara Sombongnya ? Dan Rasain Tuh Milih Toy Yang Ada Memalukan Wkwkwk,wkwkwkwkw rinz mana suara sombong rasain tuh milih toy ada malu wkwkwk,0,safe,non-cyberbullying,0
317,"onic it udah terbiasa lawan tim2 kuat ph, udah g level ama tim indo",onic it biasa lawan tim kuat ph g level sama tim indo,0,safe,non-cyberbullying,0
318,"onic it udah terbiasa lawan tim2 kuat ph, udah g level ama tim indo",onic it biasa lawan tim kuat ph g level sama tim indo,0,safe,non-cyberbullying,0
319,dah gua bilang player sekosisten gini dicamatin 😂 Seneng banget gua kalau rrq kalaj,bilang player sekosisten gin dicamatin neng banget saya kalau rrq kalau,0,safe,non-cyberbullying,0
320,Ini kenapa ga offline di venue guys mainya?,kenapa offline venue guys mai,0,safe,non-cyberbullying,0
321,"Lebih salut ama lutpi yg dulu masih terbayang2 ama buts awal debut nya, yg sekarang improve nya gila sih salut buat lutpi 🔥🔥",lebih salut sama lutpi dulu kasih bayang sama buts awal debut yang sekarang improve gila sih salut buat lutpi,0,safe,non-cyberbullying,0
322,"RRQ kebanyakan Gonta ganti player ngak mau berproses setiap kalah ganti terus gmn mau menang, pusing liat RRQ ganti player tetap aja hasilnya minus.",rrq banyak gonta player ngak mau proses kalau terus bagaimana mau memang pusing liat rrq player tetap hasil minus,0,safe,non-cyberbullying,0
323,"Midlinernya suruh byk belajar lg, belajar sm lutpi noh. Cepet improve. Season ini hijume sm cyrus yg bs imbangin sanz",midlinernya suruh byk ajar ajar sm lutpi noh cepet improve season hijume sm cyrus bisa imbangin sanz,0,safe,non-cyberbullying,0
324,"Gak sabar share ke temen soal ❤𝐌𝐎𝐍𝐀 𝟒𝐃🔴! Ceritanya bikin penasaran, kemenangannya bikin happy! ❤️",sabar share temen soal cerita bikin penasaran menang bikin happy,0,safe,non-cyberbullying,0
325,"Tolong ye untuk para caster lebih netral  dalam ngecast game jangan terlalu berat ke rrq terutama ranger emas lim komcul, untuk kb netral.. gua perhatiin baik² match ini lbh banyak ngomongin rrq nya drpd onicnya",ye para caster lebih netral ngecast game jangan terlalu berat rrq utama ranger emas lim komcul kb netral perhatiin baik match lbh banyak ngomongin rrq drpd onicnya,0,safe,non-cyberbullying,0
326,Rinz ngapain sih?,rinz ngapain sih,0,safe,non-cyberbullying,0
327,Rinz mati di base tuh? Wkwkwkwkwkwk,rinz mati base tuh wkwkwkwkwkwk,5,moderate_toxic,cyberbullying,1
328,Rinz BOTT,rinz bott,0,safe,non-cyberbullying,0
329,maen gold gapernah rotasi si toyy kek maen brawl tapi di agungkan bgt sama kingdom wkwkwkwk,maen gold gapernah rotasi si toyy maen brawl di agung banget sama kingdom wkwkwkwk,0,safe,non-cyberbullying,0
330,Bang Ler ❤,bang ler,0,safe,non-cyberbullying,0
331,Geloo lutpeeee 💯💯💯,geloo lutpeeee,0,safe,non-cyberbullying,0
332,ngapain si rrq😂😂,ngapain si rrq,0,safe,non-cyberbullying,0
333,Gok gok gok😂,gok gok gok,0,safe,non-cyberbullying,0
334,"RRQ SAHRONI, 
RRQ EKO
RRQ KUYA
Kenapa gak di mainin",rrq sahroni rrq eko rrq kuya tidak mainin,0,safe,non-cyberbullying,0
335,apaansi fani maennya kabur 😂😂,apaansi fani maennya kabur,0,safe,non-cyberbullying,0
336,Rrq mulu yg di sanjung dih casterr,rrq mulu di sanjung dih casterr,0,safe,non-cyberbullying,0
337,Mulai sisen ini gw pens onic,mulai sisen saya pens onic,0,safe,non-cyberbullying,0
338,lutpi gg,lutpi gg,0,safe,non-cyberbullying,0
339,7:03 ngapain siduren ini,ngapain siduren,0,safe,non-cyberbullying,0
340,maen ko ngepush rrq b o t 😂😂,maen ko ngepush rrq b o t,0,safe,non-cyberbullying,0
341,Dulu kingdom bilang toyy lebih jago dari Skylar tapi buktinya🗿,dulu kingdom bilang toyy lebih jago skylar bukti,0,safe,non-cyberbullying,0
342,Toy epik liat cara mainnya,toy epik liat cara main,0,safe,non-cyberbullying,0
343,"Dah tau Fanny indo hanyalah dongeng, eh malah pick Fanny 😂😂😂",tahu fanny indo hanya dongeng eh malah pick fanny,0,safe,non-cyberbullying,0
344,Gampang gini,gampang gin,0,safe,non-cyberbullying,0
345,Tu sutzujin kaga dimainin,tu sutzujin kaga dimainin,0,safe,non-cyberbullying,0
346,Fanny Farming Minions. 🗿,fanny farming minions,0,safe,non-cyberbullying,0
347,Ketemu mantan nih wkwk,ketemu mantan nih wkwk,0,safe,non-cyberbullying,0
348,"Lutpii udah layak di adu di panggung intern, ngeri",lutpii layak adu panggung intern ngeri,0,safe,non-cyberbullying,0
349,Raja jadi²an ingin lawan raja sesungguhnya = DIJADIKAN TAMAN BERMAIN SAMA ONIC... RINZ KOCAK 😂,raja jadi lawan raja sungguh jadi taman main sama onic rinz kocak,0,safe,non-cyberbullying,0
350,Enak ga dikasih paham 😜👆😜👆😜👆,enak kasih paham,0,safe,non-cyberbullying,0
351,Kocak rrq,kocak rrq,0,safe,non-cyberbullying,0
352,sekarang konsepnya kayak nongkrong di cafe gitu ya,sekarang konsep nongkrong cafe gitu,0,safe,non-cyberbullying,0
353,"Kok saya lihat RRQ sekarang agak aneh, engga sekompak dulu",kok lihat rrq sekarang aneh engga kompak dulu,0,safe,non-cyberbullying,0
354,Ngan hayoh weh “Terbuang dalam waktu” ALAY,hayoh weh buang waktu alay,0,safe,non-cyberbullying,0
355,Malu gk ppq,malu ppq,0,safe,non-cyberbullying,0
356,Haduh RRQ 😂😂😂😂,haduh rrq,0,safe,non-cyberbullying,0
357,gue gak mau ngata²in rrq tapi sangat disayangkan skaylar dilepas  keep strong aja buat rrq,tidak mau ngatain rrq sangat sayang skaylar lepas keep strong buat rrq,0,safe,non-cyberbullying,0
358,gue gak mau ngata²in rrq tapi sangat disayangkan skaylar dilepas  keep strong aja buat rrq,tidak mau ngatain rrq sangat sayang skaylar lepas keep strong buat rrq,0,safe,non-cyberbullying,0
359,"Ga dkung rrq sejak ada rinz , ... Kbnyakan omong jir , isinya gkada",dkung rrq sejak rinz kbnyakan omong jir isi gkada,0,safe,non-cyberbullying,0
360,mana yang kemaren² ngebanding bandingin Skylar sama toy kok ga ada apa²nya di hadapan Skylar 😂,mana kemaren ngebanding bandingin skylar sama toy kok ada apa hadap skylar,0,safe,non-cyberbullying,0
361,Geloookkk onick cvk,geloookkk onick cvk,0,safe,non-cyberbullying,0
362,Rinz mati di base 😂,rinz mati base,5,moderate_toxic,cyberbullying,1
363,Gw paham kenapa Skylar lebih milih ke onic drpd rrq 😂 roster rrq EMG ga jelas 😂,paham skylar lebih milih onic drpd rrq roster rrq memang jelas,0,safe,non-cyberbullying,0
364,Counter onic turunin rezz🤣,counter onic turunin rezz,0,safe,non-cyberbullying,0
365,Gelo lutfi,gelo lutfi,0,safe,non-cyberbullying,0
366,"Mana yang bilang tembak tembang Toyy Toyy
King skylar nihh",mana bilang tembak tembang toyy toyy king skylar nihh,0,safe,non-cyberbullying,0
367,Sudah lah jgn main raja rajaan lagii 😂😂😂,lah jangan main raja raja,0,safe,non-cyberbullying,0
368,lutpi gila sih gameplaynya... GG piii,lutpi gila sih gameplaynya gg piii,0,safe,non-cyberbullying,0
369,Kedua nya tim favorit gua keren onic best RRQ,dua tim favorit keren onic best rrq,0,safe,non-cyberbullying,0
370,Kasian rinz di ayam ayamin sanz,kasi rinz ayam ayamin sanz,0,safe,non-cyberbullying,0
371,FIXX INI MAH ONIC LAGI ONIC LAGI YANG JUARA. TUTUP AJA MPL. GMNA MAU KE KANCAH NASIONAL JUARANYA JUGA ITU ITU AJA,fixx mah onic onic yang juara tutup mpl gmna mau kancah nasional juara itu saja,0,safe,non-cyberbullying,0
372,STRESS LUTPII,stress lutpii,0,safe,non-cyberbullying,0
373,push mmr pharsa,push mmr pharsa,0,safe,non-cyberbullying,0
374,Lokal...!!,lokal,0,safe,non-cyberbullying,0
375,Lutpi improve bget sih❤,lutpi improve banget sih,0,safe,non-cyberbullying,0
376,loh mana kok gak ada fans ppq yg komen wkwkw,loh mana kok ada fans ppq komen wkwkw,0,safe,non-cyberbullying,0
377,Zunesh di ospek kairi hahhaa 😂,zunesh ospek kairi hahhaa,0,safe,non-cyberbullying,0
378,KASIAN KALAH RRQ🤡,kasi kalau rrq,0,safe,non-cyberbullying,0
379,3 kata lucu : toyy diatas skylar,kata lucu toyy atas skylar,0,safe,non-cyberbullying,0
380,2 tim makanan srg 😂,tim makan srg,0,safe,non-cyberbullying,0
381,Ternyata bener fanny di indonesia cuma dongeng,nyata benar fanny indonesia cuma dongeng,0,safe,non-cyberbullying,0
382,Mvp lutpi,mvp lutpi,0,safe,non-cyberbullying,0
383,ga berasa royal derby nya😂,asa royal derby,0,safe,non-cyberbullying,0
384,rinz mau di tutorin potitioning pharsa kah? 😂,rinz mau tutorin potitioning pharsa,0,safe,non-cyberbullying,0
385,Kami kingdom pamit😊😊,kingdom pamit,0,safe,non-cyberbullying,0
386,gokil lutpi,gokil lutpi,0,safe,non-cyberbullying,0
387,Alhamdulillah sang raja langit onic 🇮🇩🔥menang skor 2.0 pempek jdi badut Konoha 🤡 goonic 🇮🇩,alhamdulillah sang raja langit onic memang skor pempek jadi badut konoha goonic,0,safe,non-cyberbullying,0
388,"RINZ MIDLANER PALING JAGO, CATAT.",rinz midlaner paling jago catat,0,safe,non-cyberbullying,0
389,Wkwkw zunesh kocakk,wkwkw zunesh kocakk,0,safe,non-cyberbullying,0
390,Si rinz ini oon bngt aj9 gk bisa posisi,si rinz oon banget tidak posisi,0,safe,non-cyberbullying,0
391,Rraqontol out rinz,rraqontol out rinz,0,safe,non-cyberbullying,0
392,Skylar memang gak diragukan udh masak pengalaman👍,skylar memang ragu masak alam,0,safe,non-cyberbullying,0
393,Lutpi jago bangett woii wkwkw,lutpi jago banget woii wkwkw,0,safe,non-cyberbullying,0
394,Kalo gua jadi rinz malu sih dibunuh dalam base wkwkwkk efek kiboyy,kalau jadi rinz malu sih bunuh base wkwkwkk efek kiboyy,5,moderate_toxic,cyberbullying,1
395,MAMPOS KAU PPQ,mampos kamu ppq,0,safe,non-cyberbullying,0
396,"Hyper apaan ini buset,kaya bocah epic main nya,coach rrq gajelas sumpah,padahal roster kmrn ngga jelek jelek bngt malah diganti roster nya idiot",hyper apa busetkaya bocah epic main nyacoach rrq gajelas sumpahpadahal roster kmrn ngga jelek jelek banget malah ganti roster idiot,8,severe_toxic,cyberbullying,1
397,19:02 ahh lutpi moment🎉🎉🎉,ahh lutpi moment,0,safe,non-cyberbullying,0
398,Makan lah itu jual skylar,lah jual skylar,0,safe,non-cyberbullying,0
399,Sutsujin mna bg,sutsujin mna bg,0,safe,non-cyberbullying,0
400,Gelooo skylarr improve bgt + tanpa death,gelooo skylarr improve banget death,0,safe,non-cyberbullying,0
401,mati di base sendiri kocak,mati base sendiri kocak,5,moderate_toxic,cyberbullying,1
402,Si toy gak bisa gerak di karungin sama Skylar 😂,si toy bisa gerak karungin sama skylar,0,safe,non-cyberbullying,0
403,7:46 mahal lutpi,mahal lutpi,0,safe,non-cyberbullying,0
404,di kandangin lutpi😂,kandangin lutpi,0,safe,non-cyberbullying,0
405,"Singkat, padat, ga bohong ini mah😂",singkat padat bohong mah,0,safe,non-cyberbullying,0
406,guru dan murid❤,guru murid,0,safe,non-cyberbullying,0
407,"KATA KATA LUCU DARI KINGDOM ""TOYY LEBIH BAIK DARI SKYLAR"" EH MENDING PADA SADAR DAH SKYLAR SALAH SATU GOLD LANER YANG DIAKUI DUNIA DIBANDINGIN AMA TOYY YANG GADAA APA"" NYA?😂😂",kata kata lucu kingdom toyy lebih baik skylar eh mending sadar skylar salah satu gold laner aku dunia dibandingin sama toyy gadaa apa,0,safe,non-cyberbullying,0
408,Gua tdi nya fans RRQ mhon ijin pindah ke ONIC😂,tdi fans rrq mhon ijin pindah onic,0,safe,non-cyberbullying,0
409,TOY TOY BISA MAEN GA LUUU,toy toy maen luuu,0,safe,non-cyberbullying,0
410,kek jaman covid di gh masing masing,jaman covid gh masing masing,0,safe,non-cyberbullying,0
411,Kondom mana nih suaranya wowkwowkwk,kondom mana nih suara wowkwowkwk,0,safe,non-cyberbullying,0
412,daripada di rrq jadi camat ya ler,di rrq jadi camat ler,0,safe,non-cyberbullying,0
413,"🤴🏾 king diraw be like: woy skylar respect lah, dlm base msih di kill.
🤣🤣🤣",king diraw be like woy skylar respect lah dlm base msih kill,0,safe,non-cyberbullying,0
414,Sayang online kalau dak online pasti rame bangett apalagi untuk skylar ketemu mantan tim,online kalau dak online rame banget untuk skylar ketemu mantan tim,0,safe,non-cyberbullying,0
415,Toy bawa kawan😂,toy bawa kawan,0,safe,non-cyberbullying,0
416,LERR TOLONGIN LERRR,lerr tolongin lerrr,0,safe,non-cyberbullying,0
417,Itulah kebodohan seorng Pak ap buang seykler al hasill RRQ tnpa seykler bisa apah ngandlin sipah?? Idok???? Ris mind boch kmerin???? Hahaha lucunya RRQ,bodoh seorng pak ap buang seykler al hasill rrq tnpa seykler apah ngandlin sipah idok ris mind boch kmerin hahaha lucu rrq,4,moderate_toxic,cyberbullying,1
418,Line up onic skrg itu dream team lohh... Yah masaa bisa di kalahin raja raja an 😂🤣,line up onic skrg dream team lohh masaa di kalahin raja raja an,0,safe,non-cyberbullying,0
419,Udah yappingnya Rinz? besok ngoceh lagi ya kan ppq selalu ada aja dramanya wkw,yappingnya rinz besok ngoceh ya ppq selalu saja drama wkw,0,safe,non-cyberbullying,0
420,"Rins ngapain yak😂, ulti angin trs",rins ngapain ulti angin terus,0,safe,non-cyberbullying,0
421,pucuk dingin euuuyyy,pucuk dingin euuuyyy,0,safe,non-cyberbullying,0
422,Penghianat,penghianat,0,safe,non-cyberbullying,0
423,Gua dari dulu fans rrq . Baru kali ini rrq punya jungler main nya bener bener paraaaaah. Next ganti jungler pak ap tolong,dari dulu fans rrq baru kali rrq punya jungler main benar benar paraaaaah next jungler pak ap,0,safe,non-cyberbullying,0
424,cuy rinz gk cek rumput dlu kah,cuy rinz cek rumput dlu,0,safe,non-cyberbullying,0
425,"Khezcute : ""Fanny cuma dongeng"" 😂",khezcute fanny cuma dongeng,0,safe,non-cyberbullying,0
426,Busettt menyala banget lutpi game 1🫣🫣,busettt nyala banget lutpi game,0,safe,non-cyberbullying,0
427,Udah onik juara lagi fix,onik juara fix,0,safe,non-cyberbullying,0
428,Kenapa gak di stage sih,tidak stage sih,0,safe,non-cyberbullying,0
429,Yang itu gold line di atas Skylar hahaaaa piala mpl juga gak punya hahaaaa,itu gold line atas skylar hahaaaa piala mpl tidak punya hahaaaa,0,safe,non-cyberbullying,0
430,LUTPIIIII LOPYUU GILA 😭😭😭😭😭😭,lutpiiiii lopyuu gila,0,safe,non-cyberbullying,0
431,Hina banget pharsa mokad di base 😂😂😂,hina banget pharsa mokad base,4,moderate_toxic,cyberbullying,1
432,GG lutpiiii,gg lutpiiii,0,safe,non-cyberbullying,0
433,Gini amat rrq😂,gin rrq,0,safe,non-cyberbullying,0
434,Apa lagi ni alasan rinz kalah? 😂,apa ni alas rinz kalau,0,safe,non-cyberbullying,0
435,SELAMA MASIH RINZ (SI PALING HAUS VALIDASI) PPQ AKAN TETEP SEPERTI ITU (AMPAS),sama kasih rinz si paling haus validasi ppq tetep itu ampas,4,moderate_toxic,cyberbullying,1
436,9.46 Lance vs Fanny☠️,lance vs fanny,0,safe,non-cyberbullying,0
437,Buset skylar ngawur banget damage nya 😂,buset skylar ngawur banget damage,0,safe,non-cyberbullying,0
438,😂😂😂😂😂 RRQ 🤡,rrq,0,safe,non-cyberbullying,0
439,Harusnya yang main RRQ Fahri (King Dairirot),harus main rrq fahri king dairirot,0,safe,non-cyberbullying,0
440,Ayam ayam 🐔🐔🐔 rrq 14:44,ayam ayam rrq,0,safe,non-cyberbullying,0
441,Di ayam2in sama onic 😂,ayamin sama onic,0,safe,non-cyberbullying,0
442,https://youtu.be/J9ihmENoPTs?si=DTgA4bM5p9H7LdpH,,0,safe,non-cyberbullying,0
443,9:17,,0,safe,non-cyberbullying,0
444,King onic butuh lawan yang keras...buat sie pak ap bego....jangglr Indomaret malah di taekin ke mpl wkwkkw,king onic butuh lawan kerasbuat sie pak ap begojangglr indomaret malah taekin mpl wkwkkw,0,safe,non-cyberbullying,0
445,Toy  toy🤣🤣🤣🤣🤣🤣🤣,toy toy,0,safe,non-cyberbullying,0
446,rinz rinz,rinz rinz,0,safe,non-cyberbullying,0
447,Rrq keluar aja udh dari mpl Indonesia,rrq keluar sudah mpl indonesia,0,safe,non-cyberbullying,0
448,itu zunesh main petak umpet,zunesh main petak umpet,0,safe,non-cyberbullying,0
449,Akhirnya onic menyelamatkan komen yutub dari kebisingan,akhir onic selamat komen yutub bising,0,safe,non-cyberbullying,0
450,"Lutpi sudah di bilang no 1 exp di indo 
Improve banget yha",lutpi bilang no exp di indo improve banget,0,safe,non-cyberbullying,0
451,Dulu badut skrng menjelma  menjadi majadi lawak.. raja raja an.. 😂😂 rrq...,dulu badut skrng jelma jadi jadi lawak raja raja an rrq,0,safe,non-cyberbullying,0
452,Lutpi sih paling keren di sini🔥,lutpi sih paling keren sini,0,safe,non-cyberbullying,0
453,menyala onic🔥🔥🔥,nyala onic,0,safe,non-cyberbullying,0
454,"Kek gini kalau masih ngomong onic gak jago, asli tebel muka 😂",gin kalau kasih ngomong onic jago asli tebel muka,0,safe,non-cyberbullying,0
455,Fanny Nafsuan,fanny nafsu,0,safe,non-cyberbullying,0
456,Bisa2 nya RRQ melepaa skyler. RRQ Tnp skyler itu ibarat Raja tanpa tgn kanan,ya rrq melepaa skyler rrq tnp skyler ibarat raja tgn kanan,0,safe,non-cyberbullying,0
457,Ganti s zunesh sma jungler mdl gasi #teamrrq #rrq_ap,s zunesh sama jungler mdl gas,0,safe,non-cyberbullying,0
458,onic vs ayam,onic vs ayam,0,safe,non-cyberbullying,0
459,"19:02

ASTAGA LUTPIIIIII",astaga lutpiiiiii,0,safe,non-cyberbullying,0
460,"Yang bener ngomongnya Farsa, Kabeee, bukan Farsya. Benerinlah salah penyebutan nama ituuu.",benar ngomongnya farsa kabeee bukan farsya benerinlah salah sebut nama ituuu,0,safe,non-cyberbullying,0
461,Jungler rrq mdl naikin pak ap #teamrrq #pak_ap,jungler rrq mdl naikin pak ap,0,safe,non-cyberbullying,0
462,Ganti goldlane #teamrrq,goldlane,0,safe,non-cyberbullying,0
463,ngeri bgt refleks skylar,ngeri banget refleks skylar,0,safe,non-cyberbullying,0
464,ketika Gold Lane abal2 di bandingkan dengan Gold Lane terbaik Indonesia yah gini jadinya😂😂😂,gold lane abal banding gold lane baik indonesia gin jadi,0,safe,non-cyberbullying,0
465,Mash d mainin aja si rusman #rrqtoyy,mash d mainin si rusman,0,safe,non-cyberbullying,0
466,ya terlepas sapa jago sapa ga jago.. yg pasti RRQ secara keuangan pendapatannya terbanyak di season ini 😅,lepas sapa jago sapa jago pasti rrq uang dapat banyak season,0,safe,non-cyberbullying,0
467,"Nonton replay ❌
baca komenan ✅",nonton replay baca komenan,0,safe,non-cyberbullying,0
468,PPQ BADUT🤡🤡🤡,ppq badut,0,safe,non-cyberbullying,0
469,Rinz itu kurang perhitungannya ngga kaya sanz,rinz kurang hitung ngga kaya sanz,0,safe,non-cyberbullying,0
470,Kok tampilan RRQ vs onic beda ya dari match yg lain? Kok bisa gitu? Boleh di jelasin ngak guys?,kok tampil rrq vs onic beda dari match lain kok gitu di jelasin ngak guys,0,safe,non-cyberbullying,0
471,"Fanny nya numpang lewat doang, sekali lewat senggol dong😊",fanny numpang lewat orang sekali lewat senggol dong,0,safe,non-cyberbullying,0
472,Kelass kombo manado anjig 😮😮😮😮,kelass kombo manado anjing,4,moderate_toxic,cyberbullying,1
473,zunesh saha njir???,zunesh saha njir,0,safe,non-cyberbullying,0
474,lawan ayam kah ini ?,lawan ayam ini,0,safe,non-cyberbullying,0
475,dendam baget Skylar sampe di base dalem base ajah di kill itu si rinz,dendam banget skylar base dalem base ajah di kill si rinz,0,safe,non-cyberbullying,0
476,6:46 gg skylar,gg skylar,0,safe,non-cyberbullying,0
477,Lutpii jagoan di game ini,lutpii jangan game,0,safe,non-cyberbullying,0
478,ap tuh ap tuh ap tuh😂😂,ap tuh ap tuh ap tuh,0,safe,non-cyberbullying,0
479,Gh sepi rugi njir beli tikey,gh sepi rugi njir beli tikey,0,safe,non-cyberbullying,0
480,"Match Onic terfavorit gw sejauh ini di S16. Lutpi mukanya aja cengengesan, arlottnya sangaarrrrrr!",match onic favorit jauh di s lutpi muka cengengesan arlottnya sangaarrrrrr,0,safe,non-cyberbullying,0
481,Arlotnya lutfy menggila,arlotnya lutfy gila,0,safe,non-cyberbullying,0
482,RRQ poke😮,rrq poke,0,safe,non-cyberbullying,0
483,"toyy pergerakannya gitu aja 😂 takut kah sama skyler? 🤣
dah lah jelas onic juara nya ini mah",toyy gera gitu takut sama skyler lah jelas onic juara ini mah,0,safe,non-cyberbullying,0
484,"udah dulu ya main raja rajaan nya, malu tau di kasih paham ama raja asli nya😂😂",dulu main raja raja malu tahu kasih paham sama raja asli,0,safe,non-cyberbullying,0
485,rinz ngapain ulti ny kek gtu oeekk,rinz ngapain ulti ny gtu oeekk,0,safe,non-cyberbullying,0
486,Lutpii nyapu sampah di turet rrq 😂,lutpii nyapu di turet rrq,0,safe,non-cyberbullying,0
487,lawak,lawak,0,safe,non-cyberbullying,0
488,"Roster ONIC yang sekarang terlalu kuat untuk skala MPL Indonesia. Gameplay mereka udah ketemu bahkan tanpa Coach Yeb, prime Kairi dan Sanz sudah kembali, Lutpiiii pun juga udah improve banget. Kiboy aja yang kadang oleng tapi mereka juga punya 2 goldlane super kuat, Skylar dan Savero",roster onic sekarang terlalu kuat kalau mpl indonesia gameplay ketemu tanpa coach yeb prime kairi sanz kembali lutpiiii sudah improve banget kiboy yang kadang oleng mereka juga punya goldlane super kuat skylar savero,0,safe,non-cyberbullying,0
489,Pro player vs bot😂,pro player vs bot,0,safe,non-cyberbullying,0
490,"sudah ku bilang,pepeki lokalan aja",aku bilangpepeki lokal,0,safe,non-cyberbullying,0
491,Skaylar nih bosss mna toyyy wkwkw lawak toyy toyy,skaylar nih bosss mna toyyy wkwkw lawak toyy toyy,0,safe,non-cyberbullying,0
492,Lawak perbedaan nya kek langit dan bumi🤭,lawak beda seperti langit bumi,0,safe,non-cyberbullying,0
493,"13:06

AWOWKOWKWOKWOWKOK",awowkowkwokwowkok,0,safe,non-cyberbullying,0
494,"wkwkkwkwkw faktanya ppq badut goblok kalau kalah bawa bawa divisi, EVOS aja kalah ga ada bawa bawa divisi, secara prestasi, jumlah juara dunia, jumlah piala, pendapatan, semua hal EVOS sangat jauh diatas RRQ🤡🤡🤡🤡 sangat sampah, sangat miskin, sangat hina dari dulu sampai sekarang, RRQ🤡🤡🤡🤡sangat sampah, sangat miskin, sangat hina  masih sangat jauh dipantat EVOS segala hal. EWC lu warna apa dek ppq bot, sipaling all divisi, tapi gak ada satupun divisi juara dunia ajang ewc, EVOS>>>>>>>> RRQ🤡🤡🤡🤡🤡sangat sampah, sangat miskin, sangat hina🤣🤣🤣🤣🤣🤣",wkwkkwkwkw fakta ppq badut goblok kalau kalau bawa bawa divisi evos kalau bawa bawa divisi prestasi jumlah juara dunia jumlah piala dapat semua evos sangat jauh atas rrq sangat sangat miskin sangat hina dulu sekarang rrqsangat sangat miskin sangat hina kasih sangat jauh pantat evos segala ewc kamu warna apa dek ppq bot sipaling all divisi tidak ada satu divisi juara dunia ajang ewc evos rrqsangat sangat miskin sangat hina,17,extreme_cyberbullying,cyberbullying,1
495,19:03 camera di Lutfi gilaa 🤗,camera lutfi gilaa,0,safe,non-cyberbullying,0
496,nt,,0,safe,non-cyberbullying,0
497,"Untuk rinz jangan cuma omong doang bilang onic gk jago, tapi pada akhirnya tetap kebantai sama onic, gak usah munafik dan sombong rinz kalau musuh jago akui saja jangan gengsi, yang ada kalau lu seperti itu onic gak akan segan buat bantai"" rrq",rinz jangan cuma omong orang bilang onic jago pada akhir tetap bantai sama onic usah munafik sombong rinz kalau musuh jago aku jangan gengsi ada kalau kamu itu onic akan segan buat bantai rrq,0,safe,non-cyberbullying,0
498,gg,gg,0,safe,non-cyberbullying,0
499,Kenapa ngak main di tempat kayak biasanya,ngak main tempat biasa,0,safe,non-cyberbullying,0
500,Kenapa aku seneng ya kwkw,aku neng kwkw,0,safe,non-cyberbullying,0
501,"Juara kandang vs juara msc,,yaaa beda😢",juara kandang vs juara mscyaaa beda,0,safe,non-cyberbullying,0
502,"Skylar memang cocok di onic karena pemain onic semuanya jago, kalau Skylar di rrq lawan onic tetap akan kebantai sma onic, karena Skylar di rrq gak ada patner yang bisa imbangin skill dan permainan Skylar kalau di onic semua pemainnya sudah paham semua dan bisa ngontrol emosi",skylar memang cocok onic main onic semua jago kalau skylar rrq lawan onic tetap bantai sama onic skylar rrq ada patner bisa imbangin skill main skylar kalau onic semua main paham semua bisa ngontrol emosi,0,safe,non-cyberbullying,0
503,"Tuh kan tuh kan, bener kata gw, nmyg nge draft itu cw, si Adi mh diem aja so sibukk
Btw Skylar GG bt anj di gocek",tuh tuh benar kata nmyg nge draft cw si jadi mh diem so sibukk btw skylar gg bt anj gocek,0,safe,non-cyberbullying,0
504,DARIPADA BANYAK GAME DRAMATIS MENDING KASIH AJA PIALA KE ONIC,banyak game dramatis mending kasih piala onic,0,safe,non-cyberbullying,0
505,Gada obat lutpiiiiii,gada obat lutpiiiiii,0,safe,non-cyberbullying,0
506,GEMBEL PPQ,gembel ppq,0,safe,non-cyberbullying,0
507,Kembalikan skyler kami 😂,kembali skyler,0,safe,non-cyberbullying,0
508,Tengil bgt ngeliat gaya nya si sanz kunyuk😂,tengil banget ngeliat gaya si sanz kunyuk,0,safe,non-cyberbullying,0
509,FANS KINGDOM MENANGIS DI RECOLL RECOL+DI KIL DI BASE😂,fans kingdom menang recoll recoldi kil base,0,safe,non-cyberbullying,0
510,Mana suaranya kondo* kok diam aj,mana suara kondo kok diam,0,safe,non-cyberbullying,0
511,"Sepi,gak ada teriakan penonton",sepigak ria tonton,0,safe,non-cyberbullying,0
512,jadi ke inget ucap tim yang ga jago tapi di ayam2in mati di kandang 🗿,jadi inget ucap tim tidak jago ayamin mati di kandang,5,moderate_toxic,cyberbullying,1
513,rrq jungler lawak,rrq jungler lawak,0,safe,non-cyberbullying,0
514,rrq di ayam ayamin gini wkwkwk,rrq ayam ayamin gin wkwkwk,0,safe,non-cyberbullying,0
515,Kasih paham lerr 😂😂,kasih paham lerr,0,safe,non-cyberbullying,0
516,Apa gw bilang onic 2 rrq 0,apa bilang onic rrq,0,safe,non-cyberbullying,0
517,Fanny hanyalah dongeng,fanny hanya dongeng,0,safe,non-cyberbullying,0
518,RRQ ngelepas skylard lawak bgt jomplang gaada yg gendong ups,rrq ngelepas skylard lawak banget jomplang gaada gendong ups,0,safe,non-cyberbullying,0
519,"Puas bngt tdi evos win walaupun king branz gk main sudahku bilang sandal itu udh mantap malah ngambil midlener gagal dri mpl sebelah, dan yg terpenting puas bngt onic bantai adek²an😂",puas banget tdi evos win walaupun king branz main bilang sandal sudah mantap malah ngambil midlener gagal mpl belah yang penting puas banget onic bantai,0,safe,non-cyberbullying,0
520,Udah terbukti ya adik² kongdom ler>totoy,bukti adik kongdom lertotoy,0,safe,non-cyberbullying,0
521,ke 43,,0,safe,non-cyberbullying,0
522,langsung aja kasih pialanya ke onic,langsung kasih piala onic,0,safe,non-cyberbullying,0
523,Absen tercepat,absen cepat,0,safe,non-cyberbullying,0
524,gg onis,gg onis,0,safe,non-cyberbullying,0
525,Onic di hatii,onic hati,0,safe,non-cyberbullying,0
526,"Gw salah 1 orang yg meragukan skylar, tapi dari match lawan GEEK apa lg skrng lawan RRQ keliatan improvementnya skylar. Salut buat skylar bisa membungkam orang² yg meragukannya termasuk gw 👍",salah orang ragu skylar dari match lawan geek apa skrng lawan rrq liat improvementnya skylar salut buat skylar bungkam orang ragu masuk,0,safe,non-cyberbullying,0
527,Raja dari segala raja  & bot dari segala bot,raja segala raja bot segala bot,0,safe,non-cyberbullying,0
528,Apalah kingdom bot,apa kingdom bot,0,safe,non-cyberbullying,0
529,Bukan karena musuhnya yg jago,bukan musuh jago,0,safe,non-cyberbullying,0
530,2-0😜👆🏻,,0,safe,non-cyberbullying,0
531,😜👆🏾,,0,safe,non-cyberbullying,0
532,Bau Bau comeback 😹😹😹,bau bau comeback,0,safe,non-cyberbullying,0
533,Skylar tau raja yang sebenar nya 😂😂😂,skylar tahu raja benar,0,safe,non-cyberbullying,0
534,"Rrq badut mpl
#lokal",rrq badut mpl,0,safe,non-cyberbullying,0
535,Ketika raja raja'n ketemu raja sesungguhnya😂langsung tunduk g tuh,raja rajan ketemu raja sesungguhnyalangsung tunduk g tuh,0,safe,non-cyberbullying,0
536,Kiw,kiw,0,safe,non-cyberbullying,0
537,"SI PALING JAGO KOK GAK MAIN SIH, JADI KALAH KAN RRQ 😢😢😢",si paling jago kok main sih jadi kalau rrq,0,safe,non-cyberbullying,0
538,"UDAH GW BILANG LANGSUNG AJA KASIH PIALA SEASON INI KE ONIC ! MINGGIR SEMUA 🚨🚨🚨
JUJUR UDH GA SERU NONTON MPL ID,ONIC TERLALU KUAT !",saya bilang langsung kasih piala season ke onic minggir semua jujur tidak seru nonton mpl idonic terlalu kuat,0,safe,non-cyberbullying,0
539,KATA KATA HARI? RRQ CEMILAN ONIC,kata kata hari rrq cemilan onic,0,safe,non-cyberbullying,0
540,gas,gas,0,safe,non-cyberbullying,0
541,Pertama,pertama,0,safe,non-cyberbullying,0
542,Fans PPQ nangis dipojokan😂,fans ppq nang pojok,0,safe,non-cyberbullying,0
543,SEBELUM RIBUAN,ribu,0,safe,non-cyberbullying,0
544,"Apakah Onic akan pecah telur...
Keknya Bakal 2:0 mngkin",onic pecah telur kek bakal mngkin,0,safe,non-cyberbullying,0
545,IN GAME 5 : 10,in game,0,safe,non-cyberbullying,0
546,Kami kingdom pamit 😊😹,kingdom pamit,0,safe,non-cyberbullying,0
547,GG ONIC,gg onic,0,safe,non-cyberbullying,0
548,HAYO GASKENN MPLL,hayo gaskenn mpll,0,safe,non-cyberbullying,0
549,5:00 in game,in game,0,safe,non-cyberbullying,0
550,uhuyyy,uhuyyy,0,safe,non-cyberbullying,0
551,Wedepe minjnnn,wedepe minjnnn,0,safe,non-cyberbullying,0
552,pertma🎉,pertma,0,safe,non-cyberbullying,0
553,RRQ kalah voting? 🤭,rrq kalau voting,0,safe,non-cyberbullying,0
554,Buset dah RRQ ngamok 😍,buset rrq ngamok,0,safe,non-cyberbullying,0
555,menyala onicccc,nyala onicccc,0,safe,non-cyberbullying,0
556,Pertama,pertama,0,safe,non-cyberbullying,0
557,pertama nihh💋,pertama nihh,0,safe,non-cyberbullying,0
558,First,first,0,safe,non-cyberbullying,0
